id,title,link,company,location,category
1001111-software-dev,Senior Full Stack Developer,/remote-jobs/software-dev/senior-full-stack-developer-1001111,Toptal,Remote,Software Development
1001110-software-dev,Senior Front End Developer,/remote-jobs/software-dev/senior-front-end-developer-1001110,Toptal,Remote,Software Development
1084585-software-dev,Lead Code Whisperer (Full Stack Senior Developer),/remote-jobs/software-dev/lead-code-whisperer-full-stack-senior-developer-1084585,Corgibytes,Remote,Software Development
846300-software-dev,PHP-Symfony Developer,/remote-jobs/software-dev/php-symfony-developer-846300,Vialma,Remote (GMT-1 to GMT+4),Software Development
899055-software-dev,Senior Backend Engineer,/remote-jobs/software-dev/senior-backend-engineer-899055,Drops,Remote (Europe Only),Software Development
1081280-software-dev,Senior Full-Stack Web Developer,/remote-jobs/software-dev/senior-full-stack-web-developer-1081280,MonetizeMore,Remote (Anywhere),Software Development
280720-software-dev,Senior Shopify Developer,/remote-jobs/software-dev/senior-shopify-developer-280720,Storetasker,Remote (Anywhere),Software Development
1064987-software-dev,Senior API Engineer,/remote-jobs/software-dev/senior-api-engineer-1064987,Colabra,Remote (Anywhere),Software Development
971825-software-dev,Senior Front-End Engineer (JS/Graphics/3D),/remote-jobs/software-dev/senior-front-end-engineer-js-graphics-3d-971825,Spline,Remote (Anywhere),Software Development
971841-software-dev,Engineering Manager,/remote-jobs/software-dev/engineering-manager-971841,Spline,Remote (Anywhere),Software Development
971842-software-dev,Senior iOS Engineer (AR/3D/Metal),/remote-jobs/software-dev/senior-ios-engineer-ar-3d-metal-971842,Spline,Remote (Anywhere),Software Development
814298-software-dev,Senior Independent Software Developer,/remote-jobs/software-dev/senior-independent-software-developer-814298,A.Team,Remote (Anywhere),Software Development
1085515-software-dev,Senior Electron Developer,/remote-jobs/software-dev/senior-electron-developer-1085515,"ReadyTal, Inc",Remote (Anywhere),Software Development
737488-software-dev,Senior Java Engineer,/remote-jobs/software-dev/senior-java-engineer-737488,Help Scout,Remote (Anywhere between MT and CET),Software Development
737492-software-dev,Java Engineer,/remote-jobs/software-dev/java-engineer-737492,Help Scout,Remote (Anywhere),Software Development
687352-software-dev,Senior/Lead Front-End Engineer,/remote-jobs/software-dev/senior-lead-front-end-engineer-687352,BackMarket,"Remote (UK, Germany, France, and the Netherlands)",Software Development
685152-software-dev,Security Architect SAE,/remote-jobs/software-dev/security-architect-sae-685152,BackMarket,Remote (France),Software Development
685107-software-dev,Expert Backend Engineer,/remote-jobs/software-dev/expert-backend-engineer-685107,BackMarket,"Remote (UK, Germany, France, & the Netherlands)",Software Development
1080322-software-dev,Engineering Manager (Web & Mobile),/remote-jobs/software-dev/engineering-manager-web-mobile-1080322,Peanut,Remote (Europe Only),Software Development
1079709-software-dev,JavaScript Developer,/remote-jobs/software-dev/javascript-developer-1079709,Chalkboard,Remote (Europe only),Software Development
1087210-customer-support,Client Success Manager,/remote-jobs/customer-support/client-success-manager-1087210,ClubReady,Remote (United States),Customer Service
1081297-customer-support,Customer Advisor,/remote-jobs/customer-support/customer-advisor-1081297,Empire Flippers,Remote (Anywhere),Customer Service
1076915-customer-support,Customer Success Rep (2 positions - EMEA & Americas),/remote-jobs/customer-support/customer-success-rep-2-positions-emea-americas-1076915,Inventory Planner,Remote (EMEA or Americas),Customer Service
794128-customer-support,Senior Product Support Specialist,/remote-jobs/customer-support/senior-product-support-specialist-794128,CoinTracker,Remote (Anywhere),Customer Service
1066070-customer-support,Customer Service - Phone & Email Support,/remote-jobs/customer-support/customer-service-phone-email-support-1066070,Omni Interactions,Remote (US Only ),Customer Service
1007173-customer-support,Customer Success Representative,/remote-jobs/customer-support/customer-success-representative-1007173,TestGorilla,Remote (US timezone),Customer Service
1086165-customer-support,Technical Account Manager,/remote-jobs/customer-support/technical-account-manager-1086165,GoDaddy,Remote (USA Only),Customer Service
971839-design,Senior Product Designer,/remote-jobs/design/senior-product-designer-971839,Spline,Remote (Anywhere),Design
1086855-design,Founding Designer,/remote-jobs/design/founding-designer-1086855,June,Remote (CET +/-2h),Design
1080082-design,Visual & UX Designer (m/w/d),/remote-jobs/design/visual-ux-designer-m-w-d-1080082,bytepark GmbH,Remote (Europe),Design
1079652-design,UX/UI Designer,/remote-jobs/design/ux-ui-designer-1079652,AssessFirst,Remote (Europe Only),Design
1001101-design,Senior UI Designer,/remote-jobs/design/senior-ui-designer-1001101,Toptal,Remote,Design
1001100-design,Senior UX Designer,/remote-jobs/design/senior-ux-designer-1001100,Toptal,Remote,Design
1001098-design,Senior Web App Designer,/remote-jobs/design/senior-web-app-designer-1001098,Toptal,Remote,Design
1039278-sales,Sales consultant (8am-4pm EST),/remote-jobs/sales/sales-consultant-8am-4pm-est-1039278,Sticker Mule,Remote (US only),Sales
1076871-sales,Business Developer (Russia),/remote-jobs/sales/business-developer-russia-1076871,AssessFirst,Remote (Russia),Sales
1033440-sales,Director of Partnerships (f/m/d),/remote-jobs/sales/director-of-partnerships-f-m-d-1033440,GraphCMS,Remote (US East Coast Only),Sales
1033446-sales,(Senior) Account Executive (f/m/d),/remote-jobs/sales/senior-account-executive-f-m-d-1033446,GraphCMS,Remote (US East Coast Only),Sales
1031295-sales,Business Advisor,/remote-jobs/sales/business-advisor-1031295,Empire Flippers,Remote (US timezones),Sales
1011753-sales,Account Executive Netherlands,/remote-jobs/sales/account-executive-netherlands-1011753,AssessFirst,Remote (Netherlands),Sales
1011748-sales,Business Developer Netherlands,/remote-jobs/sales/business-developer-netherlands-1011748,AssessFirst,Remote (Netherlands),Sales
1080771-marketing,SEO Product Marketer,/remote-jobs/marketing/seo-product-marketer-1080771,Ahrefs,Remote (Anywhere),Marketing
1085854-marketing,Account Manager UK - AdTech M/F,/remote-jobs/marketing/account-manager-uk-adtech-m-f-1085854,KMTX,Remote (UK Only),Marketing
1081795-marketing,Content Specialist,/remote-jobs/marketing/content-specialist-1081795,Empire Flippers,Remote (Worldwide),Marketing
1081686-marketing,Marketing Analytics Specialist,/remote-jobs/marketing/marketing-analytics-specialist-1081686,Empire Flippers,Remote (Worldwide),Marketing
1081381-marketing,EF Capital Content Marketing Specialist,/remote-jobs/marketing/ef-capital-content-marketing-specialist-1081381,Empire Flippers,Remote (Anywhere),Marketing
1049114-marketing,International Marketing Manager,/remote-jobs/marketing/international-marketing-manager-1049114,Synapse Medicine,Remote (France),Marketing
1084509-marketing,Product Marketer,/remote-jobs/marketing/product-marketer-1084509,Localize,Remote (US Only),Marketing
1085844-product,Senior Product Manager,/remote-jobs/product/senior-product-manager-1085844,Trigger,Remote (US or Canada),Product
1084726-product,User Experience (UX) Strategist,/remote-jobs/product/user-experience-ux-strategist-1084726,Aten Design Group,Remote (US only),Product
1073079-product,Developer Advocate,/remote-jobs/product/developer-advocate-1073079,FingerprintJS,Remote (Anywhere),Product
1001838-product,"Senior Product Manager, TUNE Pay",/remote-jobs/product/senior-product-manager-tune-pay-1001838,TUNE,Remote (US only),Product
1085796-product,Product & Design Lead,/remote-jobs/product/product-design-lead-1085796,Knowtrex,"Remote (Berlin, DE)",Product
1071517-product,Senior Product Manager,/remote-jobs/product/senior-product-manager-1071517,Edquity,Remote (USA Only),Product
1076275-product,Head of Product,/remote-jobs/product/head-of-product-1076275,Apollo,Remote (USA Only),Product
1069909-business,Migration Advisor,/remote-jobs/business/migration-advisor-1069909,Empire Flippers,Remote (Anywhere),Business
1087396-business,üá©üá™ Teamleiter:in (m/w/d),/remote-jobs/business/teamleiter-in-m-w-d-1087396,hey contact heroes GmbH,Remote,Business
1069898-business,SaaS Business Development Representative,/remote-jobs/business/saas-business-development-representative-1069898,Caplena,Remote (Switzerland),Business
1053929-business,üá©üá™ Atlassian Consultant (m/w/d),/remote-jobs/business/atlassian-consultant-m-w-d-1053929,EPOS CAT GmbH,Remote,Business
1050247-business,Head of Business Development,/remote-jobs/business/head-of-business-development-1050247,Storyblok,Remote (Anywhere),Business
1076628-business,BDR Operations Manager,/remote-jobs/business/bdr-operations-manager-1076628,Sysdig,Remote (USA Only),Business
1075462-business,Campaign Operations Specialist,/remote-jobs/business/campaign-operations-specialist-1075462,CircleCI,Remote (USA Only),Business
1085845-data,Senior Data Scientist,/remote-jobs/data/senior-data-scientist-1085845,KMTX,Remote (EU only),Data
1068086-data,(Senior) Analytics Engineer,/remote-jobs/data/senior-analytics-engineer-1068086,Fabulous,Remote (Anywhere),Data
1066937-data,Senior Data Engineer üá¨üáßüåç,/remote-jobs/data/senior-data-engineer-1066937,Pennylane,Remote,Data
1066919-data,Data Engineer üá¨üáßüåç,/remote-jobs/data/data-engineer-1066919,Pennylane,Remote,Data
1075895-data,Data Engineer,/remote-jobs/data/data-engineer-1075895,Onedot,Remote (Anywhere),Data
1074886-data,"Instructor, Data Analytics",/remote-jobs/data/instructor-data-analytics-1074886,Fullstack Academy,Remote (USA Only),Data
1074819-data,(Associate) Database Administrator,/remote-jobs/data/associate-database-administrator-1074819,MariaDB Corporation Ab,Remote (USA Only),Data
1085848-devops,Backend Developer / SRE,/remote-jobs/devops/backend-developer-sre-1085848,KMTX,Remote (EU only),DevOps / Sysadmin
1085514-devops,Intermediate and Senior DevOps Engineers,/remote-jobs/devops/intermediate-and-senior-devops-engineers-1085514,"ReadyTal, Inc",Remote (Eastern Europe),DevOps / Sysadmin
685163-devops,Senior Infrastructure Engineer - DevOps,/remote-jobs/devops/senior-infrastructure-engineer-devops-685163,BackMarket,"Remote (UK, Germany, France, & the Netherlands)",DevOps / Sysadmin
832784-devops,Senior Network Engineer - DevOps,/remote-jobs/devops/senior-network-engineer-devops-832784,BackMarket,"Remote (UK, Germany, France & the Netherlands)",DevOps / Sysadmin
1067648-devops,Ruby DevOps Engineer,/remote-jobs/devops/ruby-devops-engineer-1067648,SignWell,"Remote (EU, NA, or SA)",DevOps / Sysadmin
1022933-devops,Senior Site Reliability Engineer,/remote-jobs/devops/senior-site-reliability-engineer-1022933,BackMarket,"Remote (UK, Germany, France & the Netherlands)",DevOps / Sysadmin
1080572-devops,Senior Site Reliability Engineer,/remote-jobs/devops/senior-site-reliability-engineer-1080572,Prismatic,Remote (USA Only),DevOps / Sysadmin
1081682-finance-legal,EF Capital Investment Analyst,/remote-jobs/finance-legal/ef-capital-investment-analyst-1081682,Empire Flippers,Remote (Worldwide),Finance / Legal
1081509-finance-legal,EFC Project Manager,/remote-jobs/finance-legal/efc-project-manager-1081509,Empire Flippers,Remote (Worldwide),Finance / Legal
1081437-finance-legal,EF Capital Investment Advisor,/remote-jobs/finance-legal/ef-capital-investment-advisor-1081437,Empire Flippers,Remote (Worldwide),Finance / Legal
1079211-finance-legal,Vetting Advisor,/remote-jobs/finance-legal/vetting-advisor-1079211,Empire Flippers,Remote (Anywhere),Finance / Legal
977407-finance-legal,Finance Administrator,/remote-jobs/finance-legal/finance-administrator-977407,Empire Flippers,Remote (Anywhere),Finance / Legal
1086770-finance-legal,Finance & administration manager (m/w/d) - Bergisch Gladbach,/remote-jobs/finance-legal/finance-administration-manager-m-w-d-bergisch-gladbach-1086770,CARDIOfitness GmbH & Co. KG,Remote (Anywhere),Finance / Legal
1074669-finance-legal,Financial Advisor,/remote-jobs/finance-legal/financial-advisor-1074669,Leading Financial Advisory Firm,Remote (USA Only),Finance / Legal
1067687-hr,Senior Recruiter (Technical / Marketing),/remote-jobs/hr/senior-recruiter-technical-marketing-1067687,Dynamite Jobs,"Remote (EU, NA, or SA)",Human Resources
972976-hr,Talent Acquisition Partner (Tech),/remote-jobs/hr/talent-acquisition-partner-tech-972976,Virtually Human Studio,Remote,Human Resources
962608-hr,Talent Acquisition Manager,/remote-jobs/hr/talent-acquisition-manager-962608,Gitbook,Remote,Human Resources
1081335-hr,"üá©üá™ Recruiter (m/w/x) mit Tech Fokus, Teilzeit",/remote-jobs/hr/recruiter-m-w-x-mit-tech-fokus-teilzeit-1081335,TOWA - the digital growth company,Remote,Human Resources
1076795-hr,Recruiter,/remote-jobs/hr/recruiter-1076795,CognitOps,Remote (USA Only),Human Resources
1076564-hr,Working student - People Operations,/remote-jobs/hr/working-student-people-operations-1076564,Sellics Marketplace Analytics GmbH,Remote (Germany Only),Human Resources
1075463-hr,Global Benefits Manager,/remote-jobs/hr/global-benefits-manager-1075463,CircleCI,Remote (USA Only),Human Resources
685143-qa,QA Engineer,/remote-jobs/qa/qa-engineer-685143,BackMarket,"Remote (UK, Germany, France, & the Netherlands)",QA
800759-qa,Senior QA Engineer,/remote-jobs/qa/senior-qa-engineer-800759,KMTX,Remote (EU only),QA
1075079-qa,Software Quality Assurance Analyst,/remote-jobs/qa/software-quality-assurance-analyst-1075079,doxo,Remote (USA Only),QA
1074568-qa,QA Engineer,/remote-jobs/qa/qa-engineer-1074568,BrickLabs,Remote,QA
1073190-qa,Quality Assurance Lead,/remote-jobs/qa/quality-assurance-lead-1073190,Artie,Remote (USA Only),QA
1073690-qa,Quality Assurance Team Lead,/remote-jobs/qa/quality-assurance-team-lead-1073690,Linnworks,Remote (UK Only),QA
1071441-qa,Q/A Engineer,/remote-jobs/qa/q-a-engineer-1071441,Toku,Remote,QA
1079983-writing,WordPress Content Writer,/remote-jobs/writing/wordpress-content-writer-1079983,WP Media,Remote (Anywhere),Writing
1075310-writing,Technical Writer,/remote-jobs/writing/technical-writer-1075310,Draft.dev,Remote (Anywhere),Writing
862315-writing,Math Lesson Writer,/remote-jobs/writing/math-lesson-writer-862315,Study.com,Remote,Writing
1074433-writing,Lead Editor,/remote-jobs/writing/lead-editor-1074433,Raketech,Remote (Europe Only),Writing
1071525-writing,Senior Editor,/remote-jobs/writing/senior-editor-1071525,Future Today Institute,Remote (USA Only),Writing
1073715-writing,Policy Writer,/remote-jobs/writing/policy-writer-1073715,All Our Kin,Remote (USA Only),Writing
1065933-writing,Senior Medical Writer,/remote-jobs/writing/senior-medical-writer-1065933,Synchrony Group,Remote (USA Only),Writing
719608-all-others,Technical Support Engineer,/remote-jobs/all-others/technical-support-engineer-719608,Automattic,Remote (Anywhere),All others
1075569-all-others,"Director, Impact Management",/remote-jobs/all-others/director-impact-management-1075569,ResultsLab,Remote (USA Only),All others
1076172-all-others,EPIC Patient Scheduling Representative,/remote-jobs/all-others/epic-patient-scheduling-representative-1076172,T2 Flex,Remote (USA Only),All others
1076171-all-others,Cerner Patient Scheduling Representative,/remote-jobs/all-others/cerner-patient-scheduling-representative-1076171,T2 Flex,Remote (USA Only),All others
1075890-all-others,Collaboration Coach,/remote-jobs/all-others/collaboration-coach-1075890,MURAL,Remote,All others
1075989-all-others,Audit Project Manager,/remote-jobs/all-others/audit-project-manager-1075989,Nordcloud Poland,Remote (Europe Only),All others
1072333-all-others,Solar System Designer,/remote-jobs/all-others/solar-system-designer-1072333,Everlight Solar,Remote (USA Only),All others
